customerId,statusCode,scenario
53905605.34643462,200,"successful operation"
-52407509.17022048,401,"Error: Authorisation failed."
12345678.90123456,404,"Error: Not Found"
98765432.10987654,200,"successful operation"
11223344.55667788,401,"Error: Authorisation failed."
99887766.44332211,404,"Error: Not Found"
22334455.66778899,200,"successful operation"
33445566.77889900,401,"Error: Authorisation failed."
44556677.88990011,404,"Error: Not Found"